{
	"defaultSeverity": "warn",
	"extends": [
		"tslint:recommended"
	],
	"jsRules": {
		"space-before-function-paren": [true, {
			"anonymous": "always",
			"named": "never",
			"asyncArrow": "always"
		}],
		"no-unused-expression": true,
		"no-console": false,
		"max-line-length": [true, 180],
		"member-ordering": [
			true,
			{
				"order": [
					"public-static-field",
					"public-instance-field",
					"public-constructor",
					"private-static-field",
					"private-instance-field",
					"private-constructor",
					"public-instance-method",
					"protected-instance-method",
					"private-instance-method"
				],
				"alphabetize": true
			}
		],
		"no-consecutive-blank-lines": false,
		"object-literal-sort-keys": true,
		"ordered-imports": true,
		"quotemark": [true, "single"],
		"variable-name": [true, "allow-leading-underscore"],
		"linebreak-style": [true, "CRLF"],
		"semicolon": [true, "never"],
		"curly": true,
		"no-return-await": true,
		"static-this": true,
		"arrow-return-shorthand": [true, "multiline"],
		"one-line": [true, "check-catch", "check-finally", "check-else"],
		"prefer-while": true,
		"arrow-parens": [true, "ban-single-arg-parens"],
		"indent": [true, "tabs", 2],
		"whitespace": [true, "check-branch", "check-operator", "check-typecast", "check-decl", "check-module", "check-separator", "check-rest-spread"],
		"jsdoc-format": false
	},
	"rules": {
		"no-unused-expression": true,
		"no-console": false,
		"max-line-length": [true, 180],
		"member-ordering": [
			true,
			{
				"order": [
					"public-static-field",
					"public-instance-field",
					"public-constructor",
					"private-static-field",
					"private-instance-field",
					"private-constructor",
					"public-instance-method",
					"protected-instance-method",
					"private-instance-method"
				],
				"alphabetize": true
			}
		],
		"no-consecutive-blank-lines": false,
		"object-literal-sort-keys": false,
		"ordered-imports": true,
		"quotemark": [true, "single"],
		"variable-name": [true, "allow-leading-underscore"],
		"linebreak-style": [true, "CRLF"],
		"semicolon": [true, "never"],
		"curly": true,
		"no-return-await": true,
		"static-this": true,
		"arrow-return-shorthand": [true, "multiline"],
		"one-line": [true, "check-catch", "check-finally", "check-else"],
		"prefer-while": true,
		"arrow-parens": [true, "ban-single-arg-parens"],
		"indent": [true, "tabs", 2],
		"whitespace": [true, "check-branch", "check-operator", "check-typecast", "check-decl", "check-module", "check-separator", "check-rest-spread"],
		"jsdoc-format": false
	}
}
